UTF-8,Char,Description,CZ,RO,HR,SL,DE,SV,FI,DA,NO,HU,ES,PT,IT,FR,EN,NL
00A0,&#x00A0;,Non-breaking space,CZ,RO,HR,SL,DE,SV,FI,DA,NO,HU,ES,PT,IT,FR,EN,NL
00A1,&#x00A1;,Inverted exclamation mark,,,,,,,,,,,ES,,,,,
00A2,&#x00A2;,Cent sign,,,,,,,,,,,,,,,,
00A3,&#x00A3;,Pound sign,,,,,,,,,,,,,,,,
00A4,&#x00A4;,Currency sign,,,,,,,,,,,,,,,,
00A5,&#x00A5;,Yen sign,,,,,,,,,,,,,,,,
00A6,&#x00A6;,Broken bar,,,,,,,,,,,,,,,,
00A7,&#x00A7;,Section sign,,,,,,,,,,,,,,,,
00A8,&#x00A8;,Diaeresis,,,,,,,,,,,,,,,,
00A9,&#x00A9;,Copyright sign,,,,,,,,,,,,,,,,
00AA,&#x00AA;,Feminine Ordinal Indicator,,,,,,,,,,,,,,,,
00AB,&#x00AB;,Left-pointing double angle quotation mark,,,,,,,,,,,,,,,,
00AC,&#x00AC;,Not sign,,,,,,,,,,,,,,,,
00AD,&#x00AD;,Soft hyphen,,,,,,,,,,,,,,,,
00AE,&#x00AE;,Registered sign,,,,,,,,,,,,,,,,
00AF,&#x00AF;,Macron,,,,,,,,,,,,,,,,
00B0,&#x00B0;,Degree symbol,CZ,RO,HR,SL,DE,SV,FI,DA,NO,HU,ES,PT,IT,FR,EN,NL
00B1,&#x00B1;,Plus-minus sign,CZ,RO,HR,SL,DE,SV,FI,DA,NO,HU,ES,PT,IT,FR,EN,NL
00B2,&#x00B2;,Superscript two,,,,,,,,,,,,,,,,
00B3,&#x00B3;,Superscript three,,,,,,,,,,,,,,,,
00B4,&#x00B4;,Acute accent,,,,,,,,DA,,,,,,,,
00B5,&#x00B5;,Micro sign,CZ,RO,HR,SL,DE,SV,FI,DA,NO,HU,ES,PT,IT,FR,EN,NL
00B6,&#x00B6;,Pilcrow sign,,,,,,,,,,,,,,,,
00B7,&#x00B7;,Middle dot,CZ,RO,HR,SL,DE,SV,FI,DA,NO,HU,ES,PT,IT,FR,EN,NL
00B8,&#x00B8;,Cedilla,,,,,,,,,,,,,,,,
00B9,&#x00B9;,Superscript one,,,,,,,,,,,,,,,,
00BA,&#x00BA;,Masculine ordinal indicator,,,,,,,,,,,,,,,,
00BB,&#x00BB;,Right-pointing double-angle quotation mark,,,,,,,,,,,,,,,,
00BC,&#x00BC;,Vulgar fraction one quarter,CZ,RO,HR,SL,DE,SV,FI,DA,NO,HU,ES,PT,IT,FR,EN,NL
00BD,&#x00BD;,Vulgar fraction one half,CZ,RO,HR,SL,DE,SV,FI,DA,NO,HU,ES,PT,IT,FR,EN,NL
00BE,&#x00BE;,Vulgar fraction three quarters,CZ,RO,HR,SL,DE,SV,FI,DA,NO,HU,ES,PT,IT,FR,EN,NL
00BF,&#x00BF;,Inverted question mark,,,,,,,,,,,ES,,,,,
00C0,&#x00C0;,Capital A with grave,,,,,,,,,,,,PT,IT,FR,,
00C1,&#x00C1;,Capital A with acute,,,,,,,,,,HU,ES,PT,,FR,,
00C2,&#x00C2;,Capital A with circumflex,,RO,,,,,,,NO,,,PT,,FR,,
00C3,&#x00C3;,Capital A with tilde,,,,,,,,,,,,PT,,,,
00C4,&#x00C4;,Capital A with diaeresis,,,,,DE,SV,FI,DA,,,,,,,,
00C5,&#x00C5;,Capital A with ring above,,,,,,SV,FI,DA,NO,,,,,,,
00C6,&#x00C6;,Capital AE,,,,,,,,DA,NO,,,,,,,
00C7,&#x00C7;,Capital C with cedilla,,,,,,,,,,,,PT,,FR,,
00C8,&#x00C8;,Capital E with grave,,,,,,,,,NO,,,,IT,FR,,
00C9,&#x00C9;,Capital E with acute,,,,,,,,,NO,HU,ES,PT,IT,FR,,
00CA,&#x00CA;,Capital E with circumflex,,,,,,,,,NO,,,PT,,FR,,
00CB,&#x00CB;,Capital E with diaeresis,,,,,,,,,,,,,,FR,,
00CC,&#x00CC;,Capital I with grave,,,,,,,,,,,,,IT,,,
00CD,&#x00CD;,Capital I with acute,,,,,,,,,,HU,ES,PT,,,,
00CE,&#x00CE;,Capital I with circumflex,,RO,,,,,,,,,,,,FR,,
00CF,&#x00CF;,Capital I with diaeresis,,,,,,,,,,,,,,FR,,
00D0,&#x00D0;,Capital Eth,,,,,,,,,,,,,,,,
00D1,&#x00D1;,Capital N with tilde,,,,,,,,,,,ES,,,,,
00D2,&#x00D2;,Capital O with grave,,,,,,,,,NO,,,,IT,,,
00D3,&#x00D3;,Capital O with acute,,,,,,,,,NO,HU,ES,PT,,,,
00D4,&#x00D4;,Capital O with circumflex,,,,,,,,,NO,,,PT,,FR,,
00D5,&#x00D5;,Capital O with tilde,,,,,,,,,,,,PT,,FR,,
00D6,&#x00D6;,Capital O with diaeresis,,,,,DE,SV,FI,DA,,HU,,,,,,
00D7,&#x00D7;,Multiplication sign,CZ,RO,HR,SL,DE,SV,FI,DA,NO,HU,ES,PT,IT,FR,EN,NL
00D8,&#x00D8;,Capital O with stroke,,,,,,,,DA,NO,,,,,,,
00D9,&#x00D9;,Capital U with grave,,,,,,,,,,,,,IT,,,
00DA,&#x00DA;,Capital U with acute,,,,,,,,,,HU,ES,PT,,,,
00DB,&#x00DB;,Capital U with circumflex,,,,,,,,,,,,,,,,
00DC,&#x00DC;,Capital U with diaeresis,,,,,DE,,,DA,,HU,ES,PT,,,,
00DD,&#x00DD;,Capital Y with acute,CZ,,,,,,,,,,ES,,,,,
00DE,&#x00DE;,Capital Thorn,,,,,,,,,,,,,,,,
00DF,&#x00DF;,Small sharp S,,,,,DE,,,,,,,,,,,
"0,00E+00",&#x00E0;,Small A with grave,,,,,,,,,,,,PT,IT,FR,,
"0,00E+00",&#x00E1;,Small A with acute,,,,,,,,,,HU,ES,PT,,FR,,
"0,00E+00",&#x00E2;,Small A with circumflex,,RO,,,,,,,NO,,,PT,,FR,,
"0,00E+00",&#x00E3;,Small A with tilde,,,,,,,,,,,,PT,,,,
"0,00E+00",&#x00E4;,Small A with diaeresis,,,,,DE,SV,FI,DA,,,,,,,,
"0,00E+00",&#x00E5;,Small A with ring above,,,,,,SV,FI,DA,NO,,,,,,,
"0,00E+00",&#x00E6;,Small AE,,,,,,,,DA,NO,,,,,,,
"0,00E+00",&#x00E7;,Small C with cedilla,,,,,,,,,,,,PT,,FR,,
"0,00E+00",&#x00E8;,Small E with grave,,,,,,,,,NO,,,,IT,FR,,
"0,00E+00",&#x00E9;,Small E with acute,,,,,,,,DA,NO,HU,ES,PT,IT,FR,,
00EA,&#x00EA;,Small E with circumflex,,,,,,,,,NO,,,PT,,FR,,
00EB,&#x00EB;,Small E with diaeresis,,,,,,,,,,,,,,,,
00EC,&#x00EC;,Small I with grave,,,,,,,,,,,,,IT,,,
00ED,&#x00ED;,Small I with acute,,,,,,,,,,HU,ES,PT,,FR,,
00EE,&#x00EE;,Small I with circumflex,,RO,,,,,,,,,,,,FR,,
00EF,&#x00EF;,Small I with diaeresis,,,,,,,,,,,,,,FR,,
00F0,&#x00F0;,Small Eth,,,,,,,,,,,,,,,,
00F1,&#x00F1;,Small N with tilde,,,,,,,,,,,ES,,,,EN,NL
00F2,&#x00F2;,Small O with grave,,,,,,,,,NO,,,,IT,,,
00F3,&#x00F3;,Small O with acute,,,,,,,,,NO,HU,ES,PT,,FR,,
00F4,&#x00F4;,Small O with circumflex,,,,,,,,,NO,,,PT,,FR,,
00F5,&#x00F5;,Small O with tilde,,,,,,,,,,,,PT,,,,
00F6,&#x00F6;,Small O with diaeresis,,,,,DE,SV,FI,DA,,HU,,,,,,
00F7,&#x00F7;,Division sign,CZ,RO,HR,SL,DE,SV,FI,DA,NO,HU,ES,PT,IT,FR,EN,NL
00F8,&#x00F8;,Small O with stroke,,,,,,,,DA,NO,,,,,,,
00F9,&#x00F9;,Small U with grave,,,,,,,,,,,,,IT,FR,,
00FA,&#x00FA;,Small U with acute,,,,,,,,,,HU,ES,PT,,FR,,
00FB,&#x00FB;,Small U with circumflex,,,,,,,,,,,,,,FR,,
00FC,&#x00FC;,Small U with diaeresis,,,,,DE,,,DA,,HU,ES,PT,,,,
00FD,&#x00FD;,Small Y with acute,,,,,,,,,,,ES,,,,,
00FE,&#x00FE;,Small Thorn,,,,,,,,,,,,,,,,
00FF,&#x00FF;,Small Y with diaeresis,,,,,,,,,,,,,,,,
100,&#x0100;,Capital A with macron,,,,,,,,,,,,,,,,
101,&#x0101;,Small A with macron,,,,,,,,,,,,,,,,
102,&#x0102;,Capital A with breve,,RO,,,,,,,,,,,,,,
103,&#x0103;,Small A with breve,,RO,,,,,,,,,,,,,,
104,&#x0104;,Capital A with ogonek,,,,,,,,,,,,,,,,
105,&#x0105;,Small A with ogonek,,,,,,,,,,,,,,,,
106,&#x0106;,Capital C with acute,,,,,,,,,,,,,,,,
107,&#x0107;,Small C with acute,,,,,,,,,,,,,,,,
108,&#x0108;,Capital C with circumflex,,,,,,,,,,,,,,,,
109,&#x0109;,Small C with circumflex,,,,,,,,,,,,,,,,
010A,&#x010A;,Capital C with dot above,,,,,,,,,,,,,,,,
010B,&#x010B;,Small C with dot above,,,,,,,,,,,,,,,,
010C,&#x010C;,Capital C with caron,,,,SL,,,,,,,,,,,,
010D,&#x010D;,Small C with caron,,,,SL,,,,,,,,,,,,
010E,&#x010E;,Capital D with caron,,,,,,,,,,,,,,,,
010F,&#x010F;,Small D with caron,,,,,,,,,,,,,,,,
110,&#x0110;,Capital D with stroke,,,,,,,,,,,,,,,,
111,&#x0111;,Small D with stroke,,,,,,,,,,,,,,,,
112,&#x0112;,Capital E with macron,,,,,,,,,,,,,,,,
113,&#x0113;,Small E with macron,,,,,,,,,,,,,,,,
114,&#x0114;,Capital E with breve,CZ,,,,,,,,,,,,,,,
115,&#x0115;,Small E with breve,CZ,,,,,,,,,,,,,,,
116,&#x0116;,Capital E with dot above,,,,,,,,,,,,,,,,
117,&#x0117;,Small E with dot above,,,,,,,,,,,,,,,,
118,&#x0118;,Capital E with ogonek,,,,,,,,,,,,,,,,
119,&#x0119;,Small E with ogonek,,,,,,,,,,,,,,,,
011A,&#x011A;,Capital E with caron,,,,,,,,,,,,,,,,
011B,&#x011B;,Small E with caron,,,,,,,,,,,,,,,,
011C,&#x011C;,Capital G with circumflex,,,,,,,,,,,,,,,,
011D,&#x011D;,Small G with circumflex,,,,,,,,,,,,,,,,
011E,&#x011E;,Capital G with breve,,,,,,,,,,,,,,,,
011F,&#x011F;,Small G with breve,,,,,,,,,,,,,,,,
120,&#x0120;,Capital G with dot above,,,,,,,,,,,,,,,,
121,&#x0121;,Small G with dot above,,,,,,,,,,,,,,,,
122,&#x0122;,Capital G with cedilla,,,,,,,,,,,,,,,,
123,&#x0123;,Small G with cedilla,,,,,,,,,,,,,,,,
124,&#x0124;,Capital H with circumflex,,,,,,,,,,,,,,,,
125,&#x0125;,Small H with circumflex,,,,,,,,,,,,,,,,
126,&#x0126;,Capital H with stroke,,,,,,,,,,,,,,,,
127,&#x0127;,Small H with stroke,,,,,,,,,,,,,,,,
128,&#x0128;,Capital I with tilde,,,,,,,,,,,,,,,,
129,&#x0129;,Small I with tilde,,,,,,,,,,,,,,,,
012A,&#x012A;,Capital I with macron,,,,,,,,,,,,,,,,
012B,&#x012B;,Small I with macron,,,,,,,,,,,,,,,,
012C,&#x012C;,Capital I with breve,,,,,,,,,,,,,,,,
012D,&#x012D;,Small I with breve,,,,,,,,,,,,,,,,
012E,&#x012E;,Capital I with ogonek,,,,,,,,,,,,,,,,
012F,&#x012F;,Small I with ogonek,,,,,,,,,,,,,,,,
130,&#x0130;,Capital I with dot above,,,,,,,,,,,,,,,,
131,&#x0131;,Small dotless I,,,,,,,,,,,,,,,,
132,&#x0132;,Capital Ligature IJ,,,,,,,,,,,,,,,,
133,&#x0133;,Small Ligature IJ,,,,,,,,,,,,,,,,
134,&#x0134;,Capital J with circumflex,,,,,,,,,,,,,,,,
135,&#x0135;,Small J with circumflex,,,,,,,,,,,,,,,,
136,&#x0136;,Capital K with cedilla,,,,,,,,,,,,,,,,
137,&#x0137;,Small K with cedilla,,,,,,,,,,,,,,,,
138,&#x0138;,Small Kra,,,,,,,,,,,,,,,,
139,&#x0139;,Capital L with acute,,,,,,,,,,,,,,,,
013A,&#x013A;,Small L with acute,,,,,,,,,,,,,,,,
013B,&#x013B;,Capital L with cedilla,,,,,,,,,,,,,,,,
013C,&#x013C;,Small L with cedilla,,,,,,,,,,,,,,,,
013D,&#x013D;,Capital L with caron,,,,,,,,,,,,,,,,
013E,&#x013E;,Small L with caron,,,,,,,,,,,,,,,,
013F,&#x013F;,Capital L with middle dot,,,,,,,,,,,,,,,,
140,&#x0140;,Small L with middle dot,,,,,,,,,,,,,,,,
141,&#x0141;,Capital L with stroke,,,,,,,,,,,,,,,,
142,&#x0142;,Small L with stroke,,,,,,,,,,,,,,,,
143,&#x0143;,Capital N with acute,,,,,,,,,,,,,,,,
144,&#x0144;,Small N with acute,,,,,,,,,,,,,,,,
145,&#x0145;,Capital N with cedilla,,,,,,,,,,,,,,,,
146,&#x0146;,Small N with cedilla,,,,,,,,,,,,,,,,
147,&#x0147;,Capital N with caron,CZ,,,,,,,,,,,,,,,
148,&#x0148;,Small N with caron,CZ,,,,,,,,,,,,,,,
149,&#x0149;,Small N preceded by apostrophe,,,,,,,,,,,,,,,,
014A,&#x014A;,Capital Eng,,,,,,,,,,,,,,,,
014B,&#x014B;,Small Eng,,,,,,,,,,,,,,,,
014C,&#x014C;,Capital O with macron,,,,,,,,,,,,,,,,
014D,&#x014D;,Small O with macron,,,,,,,,,,,,,,,,
014E,&#x014E;,Capital O with breve,,,,,,,,,,,,,,,,
014F,&#x014F;,Small O with breve,,,,,,,,,,,,,,,,
150,&#x0150;,Capital O with double acute,,,,,,,,,,HU,,,,,,
151,&#x0151;,Small O with double acute,,,,,,,,,,HU,,,,,,
152,&#x0152;,Capital Ligature OE,,,,,,,,,,,,,,FR,,
153,&#x0153;,Small Ligature OE,,,,,,,,,,,,,,FR,,
154,&#x0154;,Capital R with acute,,,,,,,,,,,,,,,,
155,&#x0155;,Small R with acute,,,,,,,,,,,,,,,,
156,&#x0156;,Capital R with cedilla,,,,,,,,,,,,,,,,
157,&#x0157;,Small R with cedilla,,,,,,,,,,,,,,,,
158,&#x0158;,Capital R with caron,,,,,,,,,,,,,,,,
159,&#x0159;,Small R with caron,,,,,,,,,,,,,,,,
015A,&#x015A;,Capital S with acute,,,,,,,,,,,,,,,,
015B,&#x015B;,Small S with acute,,,,,,,,,,,,,,,,
015C,&#x015C;,Capital S with circumflex,,,,,,,,,,,,,,,,
015D,&#x015D;,Small S with circumflex,,,,,,,,,,,,,,,,
015E,&#x015E;,Capital S with cedilla,,RO,,,,,,,,,,,,,,
015F,&#x015F;,Small S with cedilla,,RO,,,,,,,,,,,,,,
160,&#x0160;,Capital S with caron,,,,SL,,,FI,,,,,,,,,
161,&#x0161;,Small S with caron,,,,SL,,,FI,,,,,,,,,
162,&#x0162;,Capital T with cedilla,,RO,,,,,,,,,,,,,,
163,&#x0163;,Small T with cedilla,,RO,,,,,,,,,,,,,,
164,&#x0164;,Capital T with caron,,,,,,,,,,,,,,,,
165,&#x0165;,Small T with caron,,,,,,,,,,,,,,,,
166,&#x0166;,Capital T with stroke,,,,,,,,,,,,,,,,
167,&#x0167;,Small T with stroke,,,,,,,,,,,,,,,,
168,&#x0168;,Capital U with tilde,,,,,,,,,,,,,,,,
169,&#x0169;,Small U with tilde,,,,,,,,,,,,,,,,
016A,&#x016A;,Capital U with macron,,,,,,,,,,,,,,,,
016B,&#x016B;,Small U with macron,,,,,,,,,,,,,,,,
016C,&#x016C;,Capital U with breve,,,,,,,,,,,,,,,,
016D,&#x016D;,Small U with breve,,,,,,,,,,,,,,,,
016E,&#x016E;,Capital U with ring above,CZ,,,,,,,,,,,,,,,
016F,&#x016F;,Small U with ring above,CZ,,,,,,,,,,,,,,,
170,&#x0170;,Capital U with double acute,,,,,,,,,,HU,,,,,,
171,&#x0171;,Small U with double acute,,,,,,,,,,HU,,,,,,
172,&#x0172;,Capital U with ogonek,,,,,,,,,,,,,,,,
173,&#x0173;,Small U with ogonek,,,,,,,,,,,,,,,,
174,&#x0174;,Capital W with circumflex,,,,,,,,,,,,,,,,
175,&#x0175;,Small W with circumflex,,,,,,,,,,,,,,,,
176,&#x0176;,Capital Y with circumflex,,,,,,,,,,,,,,,,
177,&#x0177;,Small Y with circumflex,,,,,,,,,,,,,,,,
178,&#x0178;,Capital Y with diaeresis,,,,,,,,,,,,,,,,
179,&#x0179;,Capital Z with acute,,,,,,,,,,,,,,,,
017A,&#x017A;,Small Z with acute,,,,,,,,,,,,,,,,
017B,&#x017B;,Capital Z with dot above,,,,,,,,,,,,,,,,
017C,&#x017C;,Small Z with dot above,,,,,,,,,,,,,,,,
017D,&#x017D;,Capital Z with caron,,,,SL,,,FI,,,,,,,,,
017E,&#x017E;,Small Z with caron,,,,SL,,,FI,,,,,,,,,
017F,&#x017F;,Small long S,,,,,,,,,,,,,,,,
01C4,&#x01C4;,Capital DZ with Caron,,,HR,,,,,,,,,,,,,
01C5,&#x01C5;,Capital D with  Small Z with Caron,,,HR,,,,,,,,,,,,,
01C6,&#x01C6;,Small DZ with Caron,,,HR,,,,,,,,,,,,,
01C7,&#x01C7;,Capital LJ,,,HR,,,,,,,,,,,,,
01C8,&#x01C8;,Capital L with  Small J,,,HR,,,,,,,,,,,,,
01C9,&#x01C9;,Small LJ,,,HR,,,,,,,,,,,,,
01CA,&#x01CA;,Capital NJ,,,HR,,,,,,,,,,,,,
01CB,&#x01CB;,Capital N with  Small J,,,HR,,,,,,,,,,,,,
01CC,&#x01CC;,Small NJ,,,HR,,,,,,,,,,,,,
01CD,&#x01CD;,Capital A with Caron,,RO,,,,,,,,,,,,,,
01CE,&#x01CE;,Small A with Caron,,RO,,,,,,,,,,,,,,
01CF,&#x01CF;,Capital I with Caron,,,,,,,,,,,,,,,,
01D0,&#x01D0;,Small I with Caron,,,,,,,,,,,,,,,,
01D1,&#x01D1;,Capital O with Caron,,,,,,,,,,,,,,,,
01D2,&#x01D2;,Small O with Caron,,,,,,,,,,,,,,,,
01D3,&#x01D3;,Capital U with Caron,,,,,,,,,,,,,,,,
01D4,&#x01D4;,Small U with Caron,,,,,,,,,,,,,,,,
01D5,&#x01D5;,Capital U with Diaeresis and Macron,,,,,,,,,,,,,,,,
01D6,&#x01D6;,Small U with Diaeresis and Macron,,,,,,,,,,,,,,,,
01D7,&#x01D7;,Capital U with Diaeresis and Acute,,,,,,,,,,,,,,,,
01D8,&#x01D8;,Small U with Diaeresis and Acute,,,,,,,,,,,,,,,,
01D9,&#x01D9;,Capital U with Diaeresis and Caron,,,,,,,,,,,,,,,,
01DA,&#x01DA;,Small U with Diaeresis and Caron,,,,,,,,,,,,,,,,
01DB,&#x01DB;,Capital U with Diaeresis and Grave,,,,,,,,,,,,,,,,
01DC,&#x01DC;,Small U with Diaeresis and Grave,,,,,,,,,,,,,,,,
01DD,&#x01DD;,Small Turned E,,,,,,,,,,,,,,,,
01DE,&#x01DE;,Capital A with Diaeresis and Macron,,,,,,,,,,,,,,,,
01DF,&#x01DF;,Small A with Diaeresis and Macron,,,,,,,,,,,,,,,,
"1,00E+00",&#x01E0;,Capital A with Dot Above and Macron,,,,,,,,,,,,,,,,
"1,00E+01",&#x01E1;,Small A with Dot Above and Macron,,,,,,,,,,,,,,,,
"1,00E+02",&#x01E2;,Capital AE with Macron,,,,,,,,,,,,,,,,
"1,00E+03",&#x01E3;,Small AE with Macron,,,,,,,,,,,,,,,,
"1,00E+04",&#x01E4;,Capital G with Stroke,,,,,,,,,,,,,,,,
"1,00E+05",&#x01E5;,Small G with Stroke,,,,,,,,,,,,,,,,
"1,00E+06",&#x01E6;,Capital G with Caron,,,,,,,,,,,,,,,,
"1,00E+07",&#x01E7;,Small G with Caron,,,,,,,,,,,,,,,,
"1,00E+08",&#x01E8;,Capital K with Caron,,,,,,,,,,,,,,,,
"1,00E+09",&#x01E9;,Small K with Caron,,,,,,,,,,,,,,,,
01EA,&#x01EA;,Capital O with Ogonek,,,,,,,,,,,,,,,,
01EB,&#x01EB;,Small O with Ogonek,,,,,,,,,,,,,,,,
01EC,&#x01EC;,Capital O with Ogonek and Macron,,,,,,,,,,,,,,,,
01ED,&#x01ED;,Small O with Ogonek and Macron,,,,,,,,,,,,,,,,
01EE,&#x01EE;,Capital Ezh with Caron,,,,,,,,,,,,,,,,
01EF,&#x01EF;,Small Ezh with Caron,,,,,,,,,,,,,,,,
01F0,&#x01F0;,Small J with Caron,,,,,,,,,,,,,,,,
01F1,&#x01F1;,Capital DZ,,,,,,,,,,,,,,,,
01F2,&#x01F2;,Capital D with  Small Z,,,,,,,,,,,,,,,,
01F3,&#x01F3;,Small DZ,,,,,,,,,,,,,,,,
01F4,&#x01F4;,Capital G with Acute,,,,,,,,,,,,,,,,
01F5,&#x01F5;,Small G with Acute,,,,,,,,,,,,,,,,
01F6,&#x01F6;,Capital Hwair,,,,,,,,,,,,,,,,
01F7,&#x01F7;,Capital Wynn,,,,,,,,,,,,,,,,
01F8,&#x01F8;,Capital N with Grave,,,,,,,,,,,,,,,,
01F9,&#x01F9;,Small N with Grave,,,,,,,,,,,,,,,,
01FA,&#x01FA;,Capital A with Ring Above and Acute,,,,,,,,,,,,,,,,
01FB,&#x01FB;,Small A with Ring Above and Acute,,,,,,,,,,,,,,,,
01FC,&#x01FC;,Capital AE with Acute,,,,,,,,,,,,,,,,
01FD,&#x01FD;,Small AE with Acute,,,,,,,,,,,,,,,,
01FE,&#x01FE;,Capital O with Stroke and Acute,,,,,,,,,,,,,,,,
01FF,&#x01FF;,Small O with Stroke and Acute,,,,,,,,,,,,,,,,
200,&#x0200;,Capital A with Double Grave,,,HR,SL,,,,,,,,,,,,
201,&#x0201;,Small A with Double Grave,,,HR,SL,,,,,,,,,,,,
202,&#x0202;,Capital A with Inverted Breve,,RO,HR,SL,,,,,,,,,,,,
203,&#x0203;,Small A with Inverted Breve,,RO,HR,SL,,,,,,,,,,,,
204,&#x0204;,Capital E with Double Grave,,,HR,SL,,,,,,,,,,,,
205,&#x0205;,Small E with Double Grave,,,HR,SL,,,,,,,,,,,,
206,&#x0206;,Capital E with Inverted Breve,,,HR,SL,,,,,,,,,,,,
207,&#x0207;,Small E with Inverted Breve,,,HR,SL,,,,,,,,,,,,
208,&#x0208;,Capital I with Double Grave,,,HR,SL,,,,,,,,,,,,
209,&#x0209;,Small I with Double Grave,,,HR,SL,,,,,,,,,,,,
020A,&#x020A;,Capital I with Inverted Breve,,RO,HR,SL,,,,,,,,,,,,
020B,&#x020B;,Small I with Inverted Breve,,RO,HR,SL,,,,,,,,,,,,
020C,&#x020C;,Capital O with Double Grave,,,HR,SL,,,,,,,,,,,,
020D,&#x020D;,Small O with Double Grave,,,HR,SL,,,,,,,,,,,,
020E,&#x020E;,Capital O with Inverted Breve,,,HR,SL,,,,,,,,,,,,
020F,&#x020F;,Small O with Inverted Breve,,,HR,SL,,,,,,,,,,,,
210,&#x0210;,Capital R with Double Grave,,,HR,SL,,,,,,,,,,,,
211,&#x0211;,Small R with Double Grave,,,HR,SL,,,,,,,,,,,,
212,&#x0212;,Capital R with Inverted Breve,,,HR,SL,,,,,,,,,,,,
213,&#x0213;,Small R with Inverted Breve,,,HR,SL,,,,,,,,,,,,
214,&#x0214;,Capital U with Double Grave,,,HR,SL,,,,,,,,,,,,
215,&#x0215;,Small U with Double Grave,,,HR,SL,,,,,,,,,,,,
216,&#x0216;,Capital U with Inverted Breve,,,HR,SL,,,,,,,,,,,,
217,&#x0217;,Small U with Inverted Breve,,,HR,SL,,,,,,,,,,,,
218,&#x0218;,Capital S with Comma Below,,RO,,,,,,,,,,,,,,
219,&#x0219;,Small S with Comma Below,,RO,,,,,,,,,,,,,,
021A,&#x021A;,Capital T with Comma Below,,RO,,,,,,,,,,,,,,
021B,&#x021B;,Small T with Comma Below,,RO,,,,,,,,,,,,,,
021C,&#x021C;,Capital Yogh,,,,,,,,,,,,,,,,
021D,&#x021D;,Small Yogh,,,,,,,,,,,,,,,,
021E,&#x021E;,Capital H with Caron,,,,,,,,,,,,,,,,
021F,&#x021F;,Small H with Caron,,,,,,,,,,,,,,,,
220,&#x0220;,Capital N with Long Right Leg,,,,,,,,,,,,,,,,
221,&#x0221;,Small D with Curl,,,,,,,,,,,,,,,,
222,&#x0222;,Capital OU,,,,,,,,,,,,,,,,
223,&#x0223;,Small OU,,,,,,,,,,,,,,,,
224,&#x0224;,Capital Z with Hook,,,,,,,,,,,,,,,,
225,&#x0225;,Small Z with Hook,,,,,,,,,,,,,,,,
226,&#x0226;,Capital A with Dot Above,,,,,,,,,,,,,,,,
227,&#x0227;,Small A with Dot Above,,,,,,,,,,,,,,,,
228,&#x0228;,Capital E with Cedilla,,,,,,,,,,,,,,,,
229,&#x0229;,Small E with Cedilla,,,,,,,,,,,,,,,,
022A,&#x022A;,Capital O with Diaeresis and Macron,,,,,,,,,,,,,,,,
022B,&#x022B;,Small O with Diaeresis and Macron,,,,,,,,,,,,,,,,
022C,&#x022C;,Capital O with Tilde and Macron,,,,,,,,,,,,,,,,
022D,&#x022D;,Small O with Tilde and Macron,,,,,,,,,,,,,,,,
022E,&#x022E;,Capital O with Dot Above,,,,,,,,,,,,,,,,
022F,&#x022F;,Small O with Dot Above,,,,,,,,,,,,,,,,
230,&#x0230;,Capital O with Dot Above and Macron,,,,,,,,,,,,,,,,
231,&#x0231;,Small O with Dot Above and Macron,,,,,,,,,,,,,,,,
232,&#x0232;,Capital Y with Macron,,,,,,,,,,,,,,,,
233,&#x0233;,Small Y with Macron,,,,,,,,,,,,,,,,
234,&#x0234;,Small L with Curl,,,,,,,,,,,,,,,,
235,&#x0235;,Small N with Curl,,,,,,,,,,,,,,,,
236,&#x0236;,Small T with Curl,,,,,,,,,,,,,,,,
237,&#x0237;,Small Dotless J,,,,,,,,,,,,,,,,
238,&#x0238;,Small DB Digraph,,,,,,,,,,,,,,,,
239,&#x0239;,Small QP Digraph,,,,,,,,,,,,,,,,
023A,&#x023A;,Capital A with Stroke,,,,,,,,,,,,,,,,
023B,&#x023B;,Capital C with Stroke,,,,,,,,,,,,,,,,
023C,&#x023C;,Small C with Stroke,,,,,,,,,,,,,,,,
023D,&#x023D;,Capital L with Bar,,,,,,,,,,,,,,,,
023E,&#x023E;,Capital T with Diagonal Stroke,,,,,,,,,,,,,,,,
023F,&#x023F;,Small S with Swash Tail,,,,,,,,,,,,,,,,
240,&#x0240;,Small Z with Swash Tail,,,,,,,,,,,,,,,,
241,&#x0241;,Capital Glottal Stop,,,,,,,,,,,,,,,,
242,&#x0242;,Small Glottal Stop,,,,,,,,,,,,,,,,
243,&#x0243;,Capital B with Stroke,,,,,,,,,,,,,,,,
244,&#x0244;,Capital U Bar,,,,,,,,,,,,,,,,
245,&#x0245;,Capital Turned V,,,,,,,,,,,,,,,,
246,&#x0246;,Capital E with Stroke,,,,,,,,,,,,,,,,
247,&#x0247;,Small E with Stroke,,,,,,,,,,,,,,,,
248,&#x0248;,Capital J with Stroke,,,,,,,,,,,,,,,,
249,&#x0249;,Small J with Stroke,,,,,,,,,,,,,,,,
024A,&#x024A;,Capital Q with Hook Tail,,,,,,,,,,,,,,,,
024B,&#x024B;,Small Q with Hook Tail,,,,,,,,,,,,,,,,
024C,&#x024C;,Capital R with Stroke,,,,,,,,,,,,,,,,
024D,&#x024D;,Small R with Stroke,,,,,,,,,,,,,,,,
024E,&#x024E;,Capital Y with Stroke,,,,,,,,,,,,,,,,
024F,&#x024F;,Small Y with Stroke,,,,,,,,,,,,,,,,
1E9E,&#x1E9E;,Capital Letter Sharp S,,,,,DE,,,,,,,,,,,